{
  "accuracy": 0.9666666666666667,
  "f1_macro": 0.9665831244778612,
  "precision_macro": 0.9696969696969697,
  "recall_macro": 0.9666666666666667,
  "confusion_matrix": [
    [
      10,
      0,
      0
    ],
    [
      0,
      9,
      1
    ],
    [
      0,
      0,
      10
    ]
  ]
}