{
  "accuracy": 0.9,
  "f1_macro": 0.899749373433584,
  "precision_macro": 0.9023569023569024,
  "recall_macro": 0.9,
  "confusion_matrix": [
    [
      10,
      0,
      0
    ],
    [
      0,
      9,
      1
    ],
    [
      0,
      2,
      8
    ]
  ]
}