{
  "best_model": "svc",
  "primary_metric": "accuracy",
  "best_value": 0.9666666666666667,
  "candidates": [
    {
      "model": "logreg",
      "accuracy": 0.9333333333333333,
      "f1_macro": 0.9333333333333332,
      "precision_macro": 0.9333333333333332,
      "recall_macro": 0.9333333333333332,
      "confusion_matrix": [
        [
          10,
          0,
          0
        ],
        [
          0,
          9,
          1
        ],
        [
          0,
          1,
          9
        ]
      ]
    },
    {
      "model": "rf",
      "accuracy": 0.9,
      "f1_macro": 0.899749373433584,
      "precision_macro": 0.9023569023569024,
      "recall_macro": 0.9,
      "confusion_matrix": [
        [
          10,
          0,
          0
        ],
        [
          0,
          9,
          1
        ],
        [
          0,
          2,
          8
        ]
      ]
    },
    {
      "model": "svc",
      "accuracy": 0.9666666666666667,
      "f1_macro": 0.9665831244778612,
      "precision_macro": 0.9696969696969697,
      "recall_macro": 0.9666666666666667,
      "confusion_matrix": [
        [
          10,
          0,
          0
        ],
        [
          0,
          9,
          1
        ],
        [
          0,
          0,
          10
        ]
      ]
    }
  ],
  "ts_unix": 1766268829
}